G1.jpg,Marcaux Photography,http://www.marcaux.com
G2.jpg,Marcaux Photography,http://www.marcaux.com
G3.jpg,FourFront Fashion Show 2008,
G4.jpg,FourFront Fashion Show 2008,
G5.jpg,FourFront Fashion Show 2008,
G6.jpg,FourFront Fashion Show 2008,
G7.jpg,FourFront Fashion Show 2008,
G8.jpg,Marcaux Photography,http://www.marcaux.com
G9.jpg,Marcaux Photography,http://www.marcaux.com
G10.jpg,Fiona Sand Photography,http://www.fionasand.no
G11.jpg,Fiona Sand Photography,http://www.fionasand.no
G12.jpg,Fiona Sand Photography,http://www.fionasand.no
G13.jpg,Fiona Sand Photography,http://www.fionasand.no
G14.jpg,Fiona Sand Photography,http://www.fionasand.no
G15.jpg,Fiona Sand Photography,http://www.fionasand.no
G16.jpg,Fiona Sand Photography,http://www.fionasand.no
G17.jpg,Fiona Sand Photography,http://www.fionasand.no
G18.jpg,Fiona Sand Photography,http://www.fionasand.no
G19.jpg,Marcaux Photography,http://www.marcaux.com
G20.jpg,Marcaux Photography,http://www.marcaux.com
G21.jpg,Marcaux Photography,http://www.marcaux.com
G22.jpg,Marcaux Photography,http://www.marcaux.com
G23.jpg,Marcaux Photography,http://www.marcaux.com
G24.jpg,Marcaux Photography,http://www.marcaux.com
G25.jpg,Marcaux Photography,http://www.marcaux.com
G26.jpg,Marcaux Photography,http://www.marcaux.com
G27.jpg,Lina Jang Photography,http://www.swankyboudoir.com/
G28.jpg,Lina Jang Photography,http://www.swankyboudoir.com/
G29.jpg,Marcaux Photography,http://www.marcaux.com
G30.jpg,Marcaux Photography,http://www.marcaux.com
G31.jpg,Marcaux Photography,http://www.marcaux.com
G32.jpg,Milestone Images,http://www.milestoneimages.us
G33.jpg,Milestone Images,http://www.milestoneimages.us
G34.jpg,Milestone Images,http://www.milestoneimages.us
G35.jpg,Milestone Images,http://www.milestoneimages.us
G36.jpg,Milestone Images,http://www.milestoneimages.us
G37.jpg,Milestone Images,http://www.milestoneimages.us
G38.jpg,Milestone Images,http://www.milestoneimages.us
G39.jpg,Milestone Images,http://www.milestoneimages.us
G40.jpg,Milestone Images,http://www.milestoneimages.us
G41.jpg,Milestone Images,http://www.milestoneimages.us
G42.jpg,Milestone Images,http://www.milestoneimages.us
G43.jpg,Milestone Images,http://www.milestoneimages.us
G44.jpg,Milestone Images,http://www.milestoneimages.us
G45.jpg,Milestone Images,http://www.milestoneimages.us
G46.jpg,Milestone Images,http://www.milestoneimages.us
G47.jpg,Milestone Images,http://www.milestoneimages.us
G48.jpg,Milestone Images,http://www.milestoneimages.us
G49.jpg,Milestone Images,http://www.milestoneimages.us
G50.jpg,Milestone Images,http://www.milestoneimages.us
