wedding_1.jpg,Wedding Box Photography.jpg,
wedding_2.jpg,Wedding Box Photography.jpg,
wedding_3.jpg,Wedding Group One Photography.jpg,
wedding_4.jpg,Angelica Glass Photography,http://angelicaglass.com/
wedding_5.jpg,Angelica Glass Photography,http://angelicaglass.com/
wedding_6.jpg,Angelica Glass Photography,http://angelicaglass.com/
wedding_7.jpg,ASI Photography.jpg,
wedding_8.jpg,Lina Jang Photography,http://jangweddingphotography.com
wedding_9.jpg,Lina Jang Photography,http://jangweddingphotography.com
wedding_10.jpg,Bill Fredericks Studio,http://www.bfstudio.com/
wedding_11.jpg,Bill Fredericks Studio,http://www.bfstudio.com/
wedding_12.jpg,Bill Fredericks Studio,http://www.bfstudio.com/
wedding_13.jpg,Dynasty Weddings Photography,http://www.dynastyweddings.com
wedding_14.jpg,Dynasty Weddings Photography,http://www.dynastyweddings.com
wedding_15.jpg,Dynasty Weddings Photography,http://www.dynastyweddings.com
wedding_16.jpg,Wedding Group One Photography.jpg,
wedding_17.jpg,Wedding Group One Photography.jpg,
wedding_18.jpg,Wedding Group One Photography.jpg,
wedding_19.jpg,Arbor and Ivy Photography,http://www.nyphotojournalist.com/
wedding_20.jpg,Arbor and Ivy Photography,http://www.nyphotojournalist.com/
wedding_21.jpg,Arbor and Ivy Photography,http://www.nyphotojournalist.com/
wedding_22.jpg,Kim.jpg, Jin Hong Photo Studio,http://www.kjhstudio.com/index.html
wedding_23.jpg,Kim.jpg, Jin Hong Photo Studio,http://www.kjhstudio.com/index.html
wedding_24.jpg,Kim.jpg, Jin Hong Photo Studio,http://www.kjhstudio.com/index.html
wedding_25.jpg,Karen Wise Photography,http://www.karenwise.com
wedding_26.jpg,,
wedding_27.jpg,True Love Photography.jpg,
wedding_28.jpg,Angelica Glass Photography,http://angelicaglass.com/
wedding_29.jpg,Jeffrey Lau Photography,http://www.jefflauphoto.com/wedding/index.html
wedding_30.jpg,Studio Manhattan,http://www.studiomanhattan.com/
wedding_31.jpg,Studio Manhattan,http://www.studiomanhattan.com/
wedding_32.jpg,,
wedding_33.jpg,,
wedding_34.jpg,,
wedding_35.jpg,,
wedding_36.jpg,Agaton Strom Photography,http://agatonstrom.com/start/
wedding_37.jpg,Agaton Strom Photography,http://agatonstrom.com/start/
wedding_38.jpg,Agaton Strom Photography,http://agatonstrom.com/start/
wedding_39.jpg,Agaton Strom Photography,http://agatonstrom.com/start/
wedding_40.jpg,Creative I Photography,http://www.creativeiphotography.com/live/
wedding_41.jpg,Creative I Photography,http://www.creativeiphotography.com/live/
wedding_42.jpg,Creative I Photography,http://www.creativeiphotography.com/live/
wedding_43.jpg,Creative I Photography,http://www.creativeiphotography.com/live/
wedding_44.jpg,Angelica Glass Photography,http://angelicaglass.com/
wedding_45.jpg,Angelica Glass Photography,http://angelicaglass.com/
wedding_46.jpg,Tae Photography,http://taephotography.com/intro.html
wedding_47.jpg,Daniel Krieger Photography,http://www.danielkrieger.com/
wedding_48.jpg,Lina Jang Photography,http://jangweddingphotography.com
wedding_49.jpg,Lina Jang Photography,http://jangweddingphotography.com
wedding_50.jpg,Lina Jang Photography,http://jangweddingphotography.com
wedding_51.jpg,Angelica Glass Photography,http://angelicaglass.com/
wedding_52.jpg,Wedding Group One Photography.jpg,
wedding_53.jpg,Arbor and Ivy Photography,http://www.nyphotojournalist.com/
wedding_54.jpg,Creative I Photography,http://www.creativeiphotography.com/live/
wedding_55.jpg,,
wedding_56.jpg,,
wedding_57.jpg,,
wedding_58.jpg,,
wedding_59.jpg,,
wedding_60.jpg,,
wedding_61.jpg,,
wedding_62.jpg,,
wedding_63.jpg,Wayne Yuan Photography,http://www.wayneyuan.com
wedding_64.jpg,Wayne Yuan Photography,http://www.wayneyuan.com
wedding_65.jpg,Wayne Yuan Photography,http://www.wayneyuan.com
wedding_66.jpg,Jamie Grenough Photography,http://www.jamiegrenoughphotography.com/
wedding_67.jpg,Jamie Grenough Photography,http://www.jamiegrenoughphotography.com/
wedding_68.jpg,Zlatko Batistich Photography,http://www.zlatkobatistich.com/blog/
wedding_69.jpg,Zlatko Batistich Photography,http://www.zlatkobatistich.com/blog/
wedding_70.jpg,Zlatko Batistich Photography,http://www.zlatkobatistich.com/blog/
wedding_71.jpg,Zlatko Batistich Photography,http://www.zlatkobatistich.com/blog/
wedding_72.jpg,Wedding Box Photography.jpg,
wedding_73.jpg,Karen Wise Photography,http://www.karenwise.com
wedding_74.jpg,Karen Wise Photography,http://www.karenwise.com
wedding_75.jpg,Wayne Yuan Photography,http://www.wayneyuan.com
wedding_76.jpg,Wayne Yuan Photography,http://www.wayneyuan.com
wedding_77.jpg,Elbert Chu Photography.jpg,
wedding_78.jpg,Lamar Wedding Center,http://www.lamarweddingcenter.com/
wedding_79.jpg,Jorge Garcia Photography,http://www.jorgegarciaphotography.com/
wedding_80.jpg,Marcus Lau Photography.jpg,
wedding_81.jpg,Marcus Lau Photography.jpg,
wedding_82.jpg,Marcus Lau Photography.jpg,
wedding_83.jpg,Wayne Yuan Photography,http://www.wayneyuan.com
wedding_84.jpg,Wayne Yuan Photography,http://www.wayneyuan.com
wedding_85.jpg,Wayne Yuan Photography,http://www.wayneyuan.com
wedding_86.jpg,Duval Photo & Video,http://duvalny.com/duvalny/newduval/
wedding_87.jpg,Duval Photo & Video,http://duvalny.com/duvalny/newduval/
wedding_88.jpg,Duval Photo & Video,http://duvalny.com/duvalny/newduval/
wedding_89.jpg,,
wedding_90.jpg,,
wedding_91.jpg,,
wedding_92.jpg,Jimmy Ryan Photography,http://www.jimmyryanphotography.com/default4.asp
wedding_93.jpg,Jimmy Ryan Photography,http://www.jimmyryanphotography.com/default4.asp
wedding_94.jpg,Kenny Pang Photography,http://www.kennypang.com
wedding_95.jpg,Kenny Pang Photography,http://www.kennypang.com
wedding_96.jpg,Kenny Pang Photography,http://www.kennypang.com
wedding_97.jpg,Kenny Pang Photography,http://www.kennypang.com
wedding_98.jpg,4 Eyes Photography,http://www.4eyesphotography.com
wedding_99.jpg,4 Eyes Photography,http://www.4eyesphotography.com
wedding_100.jpg,4 Eyes Photography,http://www.4eyesphotography.com
wedding_101.jpg,Henry Chan Photography,http://www.henryshoots.com
wedding_102.jpg,Henry Chan Photography,http://www.henryshoots.com
wedding_103.jpg,Henry Chan Photography,http://www.henryshoots.com
wedding_104.jpg,Henry Chan Photography,http://www.henryshoots.com
wedding_105.jpg,Henry Chan Photography,http://www.henryshoots.com
wedding_106.jpg,STAK Photography,http://www.getstak.com
wedding_107.jpg,STAK Photography,http://www.getstak.com
wedding_108.jpg,STAK Photography,http://www.getstak.com
wedding_109.jpg,STAK Photography,http://www.getstak.com
wedding_110.jpg,5 West Studios,http://www.5weststudios.com
wedding_111.jpg,5 West Studios,http://www.5weststudios.com
wedding_112.jpg,5 West Studios,http://www.5weststudios.com
wedding_113.jpg,Katje Hempel Photography,http://www.kathempel.com/index2.php#/home/
wedding_114.jpg,Manhattan Bridal Photography.jpg,
wedding_115.jpg,Manhattan Bridal Photography.jpg,
wedding_116.jpg,David Myles Photography,http://davidmylesphotography.blogspot.com/
wedding_117.jpg,David Myles Photography,http://davidmylesphotography.blogspot.com/
wedding_118.jpg,David Myles Photography,http://davidmylesphotography.blogspot.com/
wedding_119.jpg,Heather Waraksa Photography,http://www.heatherwaraksa.com/
wedding_120.jpg,Heather Waraksa Photography,http://www.heatherwaraksa.com/
wedding_121.jpg,Heather Waraksa Photography,http://www.heatherwaraksa.com/
wedding_122.jpg,Heather Waraksa Photography,http://www.heatherwaraksa.com/
wedding_123.jpg,Maggie Harkov Photography,http://www.maggieharkov.com
wedding_124.jpg,Maggie Harkov Photography,http://www.maggieharkov.com
wedding_125.jpg,5 West Studios,http://www.5weststudios.com
wedding_126.jpg,5 West Studios,http://www.5weststudios.com
wedding_127.jpg,Lina Jang Photography,http://jangweddingphotography.com
wedding_128.jpg,Lina Jang Photography,http://jangweddingphotography.com
wedding_129.jpg,Tom Wang Photography,http://tomwangphotography.com/
wedding_130.jpg,Todd Laffler Photography,http://lafflerphotography.com/
wedding_131.jpg,Gulnara Studio,http://www.gulnarastudio.com
wedding_132.jpg,Gulnara Studio,http://www.gulnarastudio.com
wedding_133.jpg,Gulnara Studio,http://www.gulnarastudio.com
wedding_134.jpg,Gulnara Studio,http://www.gulnarastudio.com
wedding_135.jpg,Gulnara Studio,http://www.gulnarastudio.com
wedding_136.jpg,Chris Leary Photography,http://www.chrisleary.com
wedding_137.jpg,Chris Leary Photography,http://www.chrisleary.com
wedding_138.jpg,Chris Leary Photography,http://www.chrisleary.com
wedding_139.jpg,Shawn Connell Photography for Christian Oath,http://www.christianothstudio.com/
wedding_140.jpg,Shawn Connell Photography for Christian Oath,http://www.christianothstudio.com/
wedding_141.jpg,,
wedding_142.jpg,,
wedding_143.jpg,Marc Wallis Photography.jpg,
wedding_144.jpg,Marc Wallis Photography.jpg,
wedding_145.jpg,Julia Newman Photography,http://www.julianewman.com/
wedding_146.jpg,Julia Newman Photography,http://www.julianewman.com/
wedding_147.jpg,Agaton Strom Photography,http://agatonstrom.com/start/
wedding_148.jpg,Agaton Strom Photography,http://agatonstrom.com/start/
wedding_149.jpg,Jennifer Davis Photography,http://www.jenniferdavisphotography.com
wedding_150.jpg,Jennifer Davis Photography,http://www.jenniferdavisphotography.com
wedding_151.jpg,Jennifer Davis Photography,http://www.jenniferdavisphotography.com
wedding_152.jpg,Jennifer Davis Photography,http://www.jenniferdavisphotography.com
wedding_153.jpg,Jennifer Davis Photography,http://www.jenniferdavisphotography.com
wedding_154.jpg,,
wedding_155.jpg,,
wedding_156.jpg,Justin & Mary Marantz Photography,http://www.justinmarantz.com
wedding_157.jpg,Justin & Mary Marantz Photography,http://www.justinmarantz.com
wedding_158.jpg,Justin & Mary Marantz Photography,http://www.justinmarantz.com
wedding_159.jpg,Justin & Mary Marantz Photography,http://www.justinmarantz.com
wedding_160.jpg,Justin & Mary Marantz Photography,http://www.justinmarantz.com
wedding_161.jpg,Erica Lyn Photography,http://www.ericalynphotography.com
wedding_162.jpg,Erica Lyn Photography,http://www.ericalynphotography.com
wedding_163.jpg,STAK Photography,http://www.getstak.com
wedding_164.jpg,STAK Photography,http://www.getstak.com
wedding_165.jpg,STAK Photography,http://www.getstak.com
wedding_166.jpg,STAK Photography,http://www.getstak.com
wedding_167.jpg,Brian Hatton Photography,http://www.brianhattonweddings.com/
wedding_168.jpg,Brian Hatton Photography,http://www.brianhattonweddings.com/
wedding_169.jpg,Amanda Picone Photography,http://www.amandapicone.com/
wedding_170.jpg,Julia Newman Photography,http://www.julianewman.com/
wedding_171.jpg,Julia Newman Photography,http://www.julianewman.com/
wedding_172.jpg,Julia Newman Photography,http://www.julianewman.com/
wedding_173.jpg,Clean Plate Pictures,http://cleanplatepictures.com/
wedding_174.jpg,Clean Plate Pictures,http://cleanplatepictures.com/
wedding_175.jpg,Clean Plate Pictures,http://cleanplatepictures.com/
wedding_176.jpg,Katie Jane Goulah Photography,http://www.katiejanephoto.com/
wedding_177.jpg,Katie Jane Goulah Photography,http://www.katiejanephoto.com/
